<?xml version="1.0" encoding="UTF-8" standalone="yes"?>
<OfficeApp xmlns="http://schemas.microsoft.com/office/appforoffice/1.1" xmlns:xsi="http://www.w3.org/2001/XMLSchema-instance" xmlns:bt="http://schemas.microsoft.com/office/officeappbasictypes/1.0" xmlns:ov="http://schemas.microsoft.com/office/taskpaneappversionoverrides" xsi:type="TaskPaneApp">
  <Id>d36b6541-f3fc-4c5c-9136-123ee8d0c70f</Id>
  <Version>1.0.0.0</Version>
  <ProviderName>hewliyang</ProviderName>
  <DefaultLocale>en-US</DefaultLocale>
  <DisplayName DefaultValue="OpenExcel"/>
  <Description DefaultValue="AI Chat for Excel - Chat with LLMs directly in Excel using your own API keys."/>
  <IconUrl DefaultValue="https://openexcel.pages.dev/assets/icon-32.png"/>
  <HighResolutionIconUrl DefaultValue="https://openexcel.pages.dev/assets/icon-64.png"/>
  <SupportUrl DefaultValue="https://github.com/hewliyang/open-excel"/>
  <AppDomains>
    <AppDomain>https://openexcel.pages.dev</AppDomain>
  </AppDomains>
  <Hosts>
    <Host Name="Workbook"/>
  </Hosts>
  <DefaultSettings>
    <SourceLocation DefaultValue="https://openexcel.pages.dev/taskpane.html"/>
  </DefaultSettings>
  <Permissions>ReadWriteDocument</Permissions>
  <VersionOverrides xmlns="http://schemas.microsoft.com/office/taskpaneappversionoverrides" xsi:type="VersionOverridesV1_0">
    <Hosts>
      <Host xsi:type="Workbook">
        <DesktopFormFactor>
          <GetStarted>
            <Title resid="GetStarted.Title"/>
            <Description resid="GetStarted.Description"/>
            <LearnMoreUrl resid="GetStarted.LearnMoreUrl"/>
          </GetStarted>
          <FunctionFile resid="Commands.Url"/>
          <ExtensionPoint xsi:type="PrimaryCommandSurface">
            <OfficeTab id="TabHome">
              <Group id="CommandsGroup">
                <Label resid="CommandsGroup.Label"/>
                <Icon>
                  <bt:Image size="16" resid="Icon.16x16"/>
                  <bt:Image size="32" resid="Icon.32x32"/>
                  <bt:Image size="80" resid="Icon.80x80"/>
                </Icon>
                <Control xsi:type="Button" id="TaskpaneButton">
                  <Label resid="TaskpaneButton.Label"/>
                  <Supertip>
                    <Title resid="TaskpaneButton.Label"/>
                    <Description resid="TaskpaneButton.Tooltip"/>
                  </Supertip>
                  <Icon>
                    <bt:Image size="16" resid="Icon.16x16"/>
                    <bt:Image size="32" resid="Icon.32x32"/>
                    <bt:Image size="80" resid="Icon.80x80"/>
                  </Icon>
                  <Action xsi:type="ShowTaskpane">
                    <TaskpaneId>ButtonId1</TaskpaneId>
                    <SourceLocation resid="Taskpane.Url"/>
                  </Action>
                </Control>
              </Group>
            </OfficeTab>
          </ExtensionPoint>
        </DesktopFormFactor>
      </Host>
    </Hosts>
    <Resources>
      <bt:Images>
        <bt:Image id="Icon.16x16" DefaultValue="https://openexcel.pages.dev/assets/icon-16.png"/>
        <bt:Image id="Icon.32x32" DefaultValue="https://openexcel.pages.dev/assets/icon-32.png"/>
        <bt:Image id="Icon.80x80" DefaultValue="https://openexcel.pages.dev/assets/icon-80.png"/>
      </bt:Images>
      <bt:Urls>
        <bt:Url id="GetStarted.LearnMoreUrl" DefaultValue="https://github.com/hewliyang/open-excel"/>
        <bt:Url id="Commands.Url" DefaultValue="https://openexcel.pages.dev/commands.html"/>
        <bt:Url id="Taskpane.Url" DefaultValue="https://openexcel.pages.dev/taskpane.html"/>
      </bt:Urls>
      <bt:ShortStrings>
        <bt:String id="GetStarted.Title" DefaultValue="Welcome to OpenExcel!"/>
        <bt:String id="CommandsGroup.Label" DefaultValue="OpenExcel"/>
        <bt:String id="TaskpaneButton.Label" DefaultValue="Open AI Chat"/>
      </bt:ShortStrings>
      <bt:LongStrings>
        <bt:String id="GetStarted.Description" DefaultValue="Chat with AI models directly in Excel. Configure your API keys in Settings to get started."/>
        <bt:String id="TaskpaneButton.Tooltip" DefaultValue="Open the AI chat panel"/>
      </bt:LongStrings>
    </Resources>
  </VersionOverrides>
</OfficeApp>
