<?xml version="1.0" encoding="UTF-8"?>
<OfficeApp
          xmlns="http://schemas.microsoft.com/office/appforoffice/1.1"
          xmlns:xsi="http://www.w3.org/2001/XMLSchema-instance"
          xmlns:bt="http://schemas.microsoft.com/office/officeappbasictypes/1.0"
          xmlns:ov="http://schemas.microsoft.com/office/taskpaneappversionoverrides"
          xsi:type="TaskPaneApp">

  <!-- Begin Basic Settings: Add-in metadata, used for all versions of Office unless override provided. -->

  <!-- IMPORTANT! Id must be unique for your add-in, if you reuse this add-in ensure that you change this id to a new GUID. -->
  <Id>87654321-4321-4321-4321-210987654321</Id>

  <!--Version. Updates from the store only get triggered if there is a version change. -->
  <Version>1.0.0.0</Version>
  <ProviderName>Excel AI Assistant</ProviderName>
  <DefaultLocale>tr-TR</DefaultLocale>
  <!-- The display name of your add-in. Used on the store and various places of the Office UI such as the add-ins dialog. -->
  <DisplayName DefaultValue="Excel AI Assistant" />
  <Description DefaultValue="Local AI-powered Excel assistant tool with LM Studio integration" />

  <!-- Icon for your add-in. Used on installation screens and the add-ins dialog. -->
  <IconUrl DefaultValue="http://localhost:3000/assets/icon-32.png"/>
  <HighResolutionIconUrl DefaultValue="http://localhost:3000/assets/icon-80.png"/>

  <!--If you plan to submit this add-in to the Office Store, uncomment the SupportUrl element below-->
  <!--<SupportUrl DefaultValue="[Insert the URL of a page that provides support information for the app]">-->

  <!-- Domains that will be allowed when navigating. For example, if you use ShowTaskpane and then have an href link, navigation will only be allowed if the domain is on this list. -->
  <AppDomains>
    <AppDomain>http://localhost:3000</AppDomain>
  </AppDomains>
  <!--End Basic Settings. -->

  <!--Begin TaskPane Mode integration. -->
  <Hosts>
    <Host Name="Workbook" />
  </Hosts>
  <DefaultSettings>
    <SourceLocation DefaultValue="http://localhost:3000/index.html"/>
  </DefaultSettings>
  <!-- End TaskPane Mode integration.  -->

  <Permissions>ReadWriteDocument</Permissions>

  <!-- Begin Add-in Commands Mode integration. -->
  <VersionOverrides xmlns="http://schemas.microsoft.com/office/taskpaneappversionoverrides" xsi:type="VersionOverridesV1_0">

    <!-- The Hosts node is required. -->
    <Hosts>
      <!-- Each host can have a different set of commands. -->
      <!-- Excel host is Workbook, Word host is Document, and PowerPoint host is Presentation. -->
      <!-- Make sure the hosts you override match the hosts declared in the top level <Hosts> element. -->
      <Host xsi:type="Workbook">
        <!-- Form factor. Currently only DesktopFormFactor is supported. -->
        <DesktopFormFactor>
          <!--"This code enables a customizable message to be displayed when the add-in is loaded successfully upon individual install."-->
          <GetStarted>
            <!-- Title of the Getting Started call-to-action (CTA). -->
            <Title resid="GetStarted.Title"/>
            <!-- Description of the Getting Started CTA. -->
            <Description resid="GetStarted.Description"/>
            <!-- Point to a url resource id for the location that will be displayed on the task pane. -->
            <LearnMoreUrl resid="GetStarted.LearnMoreUrl"/>
          </GetStarted>
          <!-- Function file is a HTML page that includes the JavaScript where functions for ExecuteAction will be called.
               Think of the FunctionFile as the code behind ExecuteFunction. -->
          <FunctionFile resid="Commands.Url" />

          <!-- PrimaryCommandSurface is the main Office Ribbon. -->
          <ExtensionPoint xsi:type="PrimaryCommandSurface">
            <!-- Use OfficeTab to extend an existing Tab. Use CustomTab to create a new tab. -->
            <OfficeTab id="TabHome">
              <!-- Ensure you provide a unique id for the group. Recommendation for any IDs is to namespace using your company name. -->
              <Group id="CommandsGroup">
                <!-- Label for your group. -->
                <Label resid="CommandsGroup.Label" />
                <!-- Icons. Required sizes 16,32,80, optional 20, 24, 40, 48, 64. -->
                <!-- Use PNG icons. All URLs on the resources section must use HTTPS. -->
                <Icon>
                  <bt:Image size="16" resid="Icon.16x16" />
                  <bt:Image size="32" resid="Icon.32x32" />
                  <bt:Image size="80" resid="Icon.80x80" />
                </Icon>

                <!-- Control. It can be of type "Button" or "Menu". -->
                <Control xsi:type="Button" id="TaskpaneButton">
                  <Label resid="TaskpaneButton.Label" />
                  <Supertip>
                    <!-- ToolTip title. -->
                    <Title resid="TaskpaneButton.Label" />
                    <!-- ToolTip description. -->
                    <Description resid="TaskpaneButton.Tooltip" />
                  </Supertip>
                  <Icon>
                    <bt:Image size="16" resid="Icon.16x16" />
                    <bt:Image size="32" resid="Icon.32x32" />
                    <bt:Image size="80" resid="Icon.80x80" />
                  </Icon>
                  <!-- This is what happens when the command is triggered (E.g. click on the Ribbon). Supported actions are ExecuteFunction or ShowTaskpane. -->
                  <Action xsi:type="ShowTaskpane">
                    <TaskpaneId>ButtonId1</TaskpaneId>
                    <!-- Provide a url resource id for the location that will be displayed on the task pane. -->
                    <SourceLocation resid="Taskpane.Url" />
                  </Action>
                </Control>
              </Group>
            </OfficeTab>
          </ExtensionPoint>
        </DesktopFormFactor>
      </Host>
    </Hosts>
    <!-- Resources section provides strings and URLs of the add-in. -->
    <Resources>
      <bt:Images>
        <bt:Image id="Icon.16x16" DefaultValue="http://localhost:3000/assets/icon-16.png"/>
        <bt:Image id="Icon.32x32" DefaultValue="http://localhost:3000/assets/icon-32.png"/>
        <bt:Image id="Icon.80x80" DefaultValue="http://localhost:3000/assets/icon-80.png"/>
      </bt:Images>
      <bt:Urls>
        <bt:Url id="GetStarted.LearnMoreUrl" DefaultValue="http://localhost:3000/help.html" />
        <bt:Url id="Commands.Url" DefaultValue="http://localhost:3000/commands.html" />
        <bt:Url id="Taskpane.Url" DefaultValue="http://localhost:3000/index.html" />
      </bt:Urls>
      <!-- ShortStrings for commands. -->
      <bt:ShortStrings>
        <bt:String id="GetStarted.Title" DefaultValue="Start Excel AI Assistant!" />
        <bt:String id="CommandsGroup.Label" DefaultValue="Excel AI Assistant" />
        <bt:String id="TaskpaneButton.Label" DefaultValue="Open AI Assistant" />
      </bt:ShortStrings>
      <!-- LongStrings for commands. -->
      <bt:LongStrings>
        <bt:String id="GetStarted.Description" DefaultValue="Your Excel AI Assistant has been successfully installed. You can now start using the AI-powered Excel assistant." />
        <bt:String id="TaskpaneButton.Tooltip" DefaultValue="Click to open Excel AI Assistant" />
      </bt:LongStrings>
    </Resources>
  </VersionOverrides>
</OfficeApp>
